{
  "logistic_regression": {
    "precision_macro": 0.27272302362377704,
    "recall_macro": 0.16170244657033442,
    "f1_macro": 0.16466421608206813,
    "roc_auc_macro": 0.7880752765265848,
    "accuracy": 0.8312941024147084,
    "precision_per_class": [
      0.8464374287820899,
      0.0,
      0.0,
      0.5864332603938731,
      0.14285714285714285,
      0.3333333333333333,
      0.0
    ],
    "recall_per_class": [
      0.9837955749454659,
      0.0,
      0.0,
      0.1386445938954992,
      0.005813953488372093,
      0.003663003663003663,
      0.0
    ],
    "f1_per_class": [
      0.9099621689785624,
      0.0,
      0.0,
      0.22426778242677825,
      0.0111731843575419,
      0.007246376811594203,
      0.0
    ],
    "roc_auc_per_class": [
      0.7355086392290737,
      0.7602052038068516,
      0.7747309047141622,
      0.7855826315963954,
      0.8429142085030259,
      0.7302863100609245,
      0.8872990377756605
    ]
  },
  "random_forest": {
    "precision_macro": 0.3443535744971223,
    "recall_macro": 0.3202500875294189,
    "f1_macro": 0.3268986572826727,
    "roc_auc_macro": 0.7892246036358852,
    "accuracy": 0.8183466045186768,
    "precision_per_class": [
      0.8742587697363721,
      0.22972972972972974,
      0.12121212121212122,
      0.5658333333333333,
      0.14782608695652175,
      0.28113879003558717,
      0.19047619047619047
    ],
    "recall_per_class": [
      0.9533343720785291,
      0.22077922077922077,
      0.07547169811320754,
      0.3512674599068805,
      0.19767441860465115,
      0.2893772893772894,
      0.15384615384615385
    ],
    "f1_per_class": [
      0.9120858644206761,
      0.2251655629139073,
      0.09302325581395349,
      0.4334503670603256,
      0.1691542288557214,
      0.2851985559566787,
      0.1702127659574468
    ],
    "roc_auc_per_class": [
      0.7837732176558676,
      0.7783155182618989,
      0.7429462838988972,
      0.8171557598370328,
      0.8373946637232139,
      0.7796154353093855,
      0.7853713467649012
    ]
  }
}